Sales Report - Chumley's ,,,,,,,,,,,,,,,
01-01-2025 to 12-31-2025,,,,,,,,,,,,,,,
Sales,,,,,,,,,,,,,,,
,Amount,,,,,,,,,,,,,,
Receipts,611086.53,,,,,,,,,,,,,,
Gross,632055.8,,,,,,,,,,,,,,
Gross without Tax,628329.81,,,,,,,,,,,,,,
Net,606138.54,,,,,,,,,,,,,,
Tax,,,,,,,,,,,,,,,
,Name,Amount,,,,,,,,,,,,,
Exclusive,Zero Tax,0,,,,,,,,,,,,,
Exclusive,Sales Tax,3725.99,,,,,,,,,,,,,
Inclusive,Zero Tax,0,,,,,,,,,,,,,
Inclusive,Sales Tax,0,,,,,,,,,,,,,
Tax Total,,,,,,,,,,,,,,,
,Amount,,,,,,,,,,,,,,
Tax on Comps,0,,,,,,,,,,,,,,
Total Tax,3725.99,,,,,,,,,,,,,,
,,,,,,,,,,,,,,,
Tax Exempt,,,,,,,,,,,,,,,
,Amount,,,,,,,,,,,,,,
Total Tax Exempt Sales,4310.58,,,,,,,,,,,,,,
Non Revenue Receipts,,,,,,,,,,,,,,,
,Amount,,,,,,,,,,,,,,
Gift Cards,1040,,,,,,,,,,,,,,
Deposits,182,,,,,,,,,,,,,,
Fees,0,,,,,,,,,,,,,,
Sales Chart,,,,,,,,,,,,,,,
Day Part,Gross,Net,,,,,,,,,,,,,
None,15370.84,14794.27,,,,,,,,,,,,,
2pm to 3pm,2155.53,2012.45,,,,,,,,,,,,,
3pm to 4pm,5644.95,5378.74,,,,,,,,,,,,,
4pm to 5pm,60679.42,58199.36,,,,,,,,,,,,,
5pm to 6pm,86771.23,82602.21,,,,,,,,,,,,,
6pm to 7pm,96916.22,90751.62,,,,,,,,,,,,,
7pm to 8pm,94119.2,89210.84,,,,,,,,,,,,,
8pm to 9pm,82426.55,78696.58,,,,,,,,,,,,,
9pm to 10pm,74937.93,73682.53,,,,,,,,,,,,,
10pm to 11pm,61008.19,60316.34,,,,,,,,,,,,,
11pm to12am,32984.5,32259.38,,,,,,,,,,,,,
12am to 1am,16089.85,15623.93,,,,,,,,,,,,,
1am to 2am,2924.39,2583.29,,,,,,,,,,,,,
2am to 3am,27,27,,,,,,,,,,,,,
,,,,,,,,,,,,,,,
Metrics,,,,,,,,,,,,,,,
Day Part,Guest,Checks,Guest Avg,Check Avg,Turns per Table,,,,,,,,,,
None,564,580,26.59,25.85,0.85,,,,,,,,,,
2pm to 3pm,112,112,17.97,17.97,0,,,,,,,,,,
3pm to 4pm,180,181,30.44,30.27,0.04,,,,,,,,,,
4pm to 5pm,1872,1892,31.12,30.79,1.06,,,,,,,,,,
5pm to 6pm,2895,2924,28.53,28.25,1.55,,,,,,,,,,
6pm to 7pm,3174,3223,28.77,28.33,2.59,,,,,,,,,,
7pm to 8pm,3374,3448,26.44,25.87,4.09,,,,,,,,,,
8pm to 9pm,3292,3372,23.92,23.35,4.94,,,,,,,,,,
9pm to 10pm,3155,3302,23.42,22.38,7.74,,,,,,,,,,
10pm to 11pm,2778,2921,21.71,20.65,7.22,,,,,,,,,,
11pm to12am,1667,1731,19.35,18.64,3.03,,,,,,,,,,
12am to 1am,897,944,17.49,16.62,2.19,,,,,,,,,,
1am to 2am,164,171,15.75,15.11,0.34,,,,,,,,,,
2am to 3am,2,2,13.5,13.5,0,,,,,,,,,,
,,,,,,,,,,,,,,,
Metrics Chart,,,,,,,,,,,,,,,
Trading Day,Total Guests,Total Checks,Guest Avg,Check Avg,Turns per Table,,,,,,,,,,
1/2/2025,38,40,21.63,20.55,0.09,,,,,,,,,,
1/3/2025,34,38,35.11,31.41,0.22,,,,,,,,,,
1/4/2025,52,52,29.93,29.93,0,,,,,,,,,,
1/5/2025,14,14,21.57,21.57,0,,,,,,,,,,
1/6/2025,23,23,21.72,21.72,0,,,,,,,,,,
1/7/2025,25,30,31.44,26.2,0.26,,,,,,,,,,
1/8/2025,40,41,24.84,24.23,0.04,,,,,,,,,,
1/9/2025,22,22,23.18,23.18,0,,,,,,,,,,
1/10/2025,78,78,22,22,0,,,,,,,,,,
1/11/2025,68,68,27.9,27.9,0,,,,,,,,,,
1/12/2025,18,19,23.89,22.63,0.04,,,,,,,,,,
1/13/2025,32,32,20.31,20.31,0.04,,,,,,,,,,
1/14/2025,44,46,25.91,24.78,0.09,,,,,,,,,,
1/15/2025,51,52,21.03,20.63,0.04,,,,,,,,,,
1/16/2025,53,55,24.66,23.76,0.09,,,,,,,,,,
1/17/2025,102,102,22.64,22.64,0,,,,,,,,,,
1/18/2025,94,94,24.65,24.65,0,,,,,,,,,,
1/19/2025,41,41,22.04,22.04,0,,,,,,,,,,
1/20/2025,23,23,25.09,25.09,0,,,,,,,,,,
1/21/2025,30,32,21.67,20.31,0.09,,,,,,,,,,
1/22/2025,35,40,28.39,24.84,0.26,,,,,,,,,,
1/23/2025,76,79,20.3,19.53,0.13,,,,,,,,,,
1/24/2025,131,131,24.6,24.6,0.04,,,,,,,,,,
1/25/2025,82,85,24.37,23.51,0.17,,,,,,,,,,
1/26/2025,28,28,20.59,20.59,0,,,,,,,,,,
1/27/2025,9,9,30.56,30.56,0,,,,,,,,,,
1/28/2025,56,58,20.04,19.34,0.13,,,,,,,,,,
1/29/2025,45,45,26.77,26.77,0,,,,,,,,,,
1/30/2025,79,79,26.03,26.03,0,,,,,,,,,,
1/31/2025,84,87,22.97,22.18,0.17,,,,,,,,,,
2/1/2025,90,93,28.16,27.25,0.22,,,,,,,,,,
2/2/2025,17,17,19.74,19.74,0,,,,,,,,,,
2/3/2025,30,30,20.33,20.33,0,,,,,,,,,,
2/4/2025,47,47,19.45,19.45,0,,,,,,,,,,
2/5/2025,59,59,22.03,22.03,0,,,,,,,,,,
2/6/2025,63,63,28.6,28.6,0,,,,,,,,,,
2/7/2025,112,112,23.71,23.71,0,,,,,,,,,,
2/8/2025,62,62,26.26,26.26,0,,,,,,,,,,
2/9/2025,13,13,22.42,22.42,0,,,,,,,,,,
2/10/2025,30,33,24.12,21.92,0.17,,,,,,,,,,
2/11/2025,53,54,22.11,21.7,0.04,,,,,,,,,,
2/12/2025,60,60,26.23,26.23,0,,,,,,,,,,
2/13/2025,67,70,23.73,22.71,0.17,,,,,,,,,,
2/14/2025,111,115,27.8,26.83,0.17,,,,,,,,,,
2/15/2025,81,84,30.25,29.17,0.17,,,,,,,,,,
2/16/2025,30,35,31.17,26.71,0.3,,,,,,,,,,
2/17/2025,41,41,19.87,19.87,0,,,,,,,,,,
2/18/2025,55,55,24.26,24.26,0.09,,,,,,,,,,
2/19/2025,57,61,28.06,26.22,0.22,,,,,,,,,,
2/20/2025,66,66,21.75,21.75,0.09,,,,,,,,,,
2/21/2025,111,117,27.42,26.02,0.3,,,,,,,,,,
2/22/2025,120,123,23.03,22.47,0.13,,,,,,,,,,
2/23/2025,28,28,21.43,21.43,0,,,,,,,,,,
2/24/2025,35,36,21.29,20.69,0.09,,,,,,,,,,
2/25/2025,54,54,27.56,27.56,0,,,,,,,,,,
2/26/2025,52,53,26.78,26.27,0.04,,,,,,,,,,
2/27/2025,107,107,24.22,24.22,0.04,,,,,,,,,,
2/28/2025,156,160,26.39,25.73,0.09,,,,,,,,,,
3/1/2025,160,160,20.05,20.05,0,,,,,,,,,,
3/2/2025,25,28,23.56,21.04,0.13,,,,,,,,,,
3/3/2025,22,22,24.73,24.73,0,,,,,,,,,,
3/4/2025,123,123,28,28,0,,,,,,,,,,
3/5/2025,70,70,38.11,38.11,0,,,,,,,,,,
3/6/2025,75,76,23.63,23.32,0.04,,,,,,,,,,
3/7/2025,82,82,26.8,26.8,0,,,,,,,,,,
3/8/2025,110,118,21.9,20.42,0.39,,,,,,,,,,
3/9/2025,31,36,23.81,20.5,0.26,,,,,,,,,,
3/10/2025,28,29,17.04,16.45,0.04,,,,,,,,,,
3/11/2025,46,46,27.66,27.66,0,,,,,,,,,,
3/12/2025,41,42,29.78,29.07,0.09,,,,,,,,,,
3/13/2025,58,65,23.44,20.91,0.39,,,,,,,,,,
3/14/2025,62,62,28.31,28.31,0,,,,,,,,,,
3/15/2025,76,76,24.38,24.38,0,,,,,,,,,,
3/16/2025,40,40,22.34,22.34,0.09,,,,,,,,,,
3/17/2025,44,44,22.04,22.04,0,,,,,,,,,,
3/18/2025,62,62,22.15,22.15,0.04,,,,,,,,,,
3/19/2025,53,53,19.55,19.55,0,,,,,,,,,,
3/20/2025,73,75,19.31,18.79,0.09,,,,,,,,,,
3/21/2025,97,101,25.1,24.11,0.26,,,,,,,,,,
3/22/2025,136,139,24.7,24.16,0.13,,,,,,,,,,
3/23/2025,24,24,25.02,25.02,0,,,,,,,,,,
3/24/2025,20,20,23.9,23.9,0,,,,,,,,,,
3/25/2025,76,78,22.53,21.95,0.04,,,,,,,,,,
3/26/2025,45,47,27.03,25.88,0.13,,,,,,,,,,
3/27/2025,52,52,23.17,23.17,0,,,,,,,,,,
3/28/2025,129,133,21.21,20.57,0.17,,,,,,,,,,
3/29/2025,134,137,23.33,22.81,0.13,,,,,,,,,,
3/30/2025,25,26,23.44,22.54,0.04,,,,,,,,,,
3/31/2025,36,36,31.37,31.37,0,,,,,,,,,,
4/1/2025,52,59,26.67,23.51,0.43,,,,,,,,,,
4/2/2025,58,59,24.95,24.53,0.04,,,,,,,,,,
4/3/2025,70,75,24.35,22.73,0.26,,,,,,,,,,
4/4/2025,137,137,23.06,23.06,0,,,,,,,,,,
4/5/2025,131,131,22.13,22.13,0,,,,,,,,,,
4/6/2025,18,27,35.06,23.37,0.39,,,,,,,,,,
4/7/2025,33,33,28.48,28.48,0,,,,,,,,,,
4/8/2025,44,50,26.14,23.01,0.26,,,,,,,,,,
4/9/2025,76,79,23.53,22.64,0.13,,,,,,,,,,
4/10/2025,58,58,27.28,27.28,0,,,,,,,,,,
4/11/2025,128,129,24.41,24.22,0.04,,,,,,,,,,
4/12/2025,119,119,23.6,23.6,0,,,,,,,,,,
4/13/2025,31,32,19.71,19.09,0.04,,,,,,,,,,
4/14/2025,49,49,22.22,22.22,0,,,,,,,,,,
4/15/2025,50,56,25.57,22.83,0.26,,,,,,,,,,
4/16/2025,60,60,24.11,24.11,0.04,,,,,,,,,,
4/17/2025,68,71,25.24,24.17,0.13,,,,,,,,,,
4/18/2025,137,138,24.44,24.27,0,,,,,,,,,,
4/19/2025,81,81,22.21,22.21,0,,,,,,,,,,
4/20/2025,29,34,20.75,17.7,0.3,,,,,,,,,,
4/21/2025,57,63,19.88,17.99,0.35,,,,,,,,,,
4/22/2025,64,65,21.89,21.55,0.04,,,,,,,,,,
4/23/2025,71,76,19.87,18.56,0.22,,,,,,,,,,
4/24/2025,107,108,22.57,22.36,0.04,,,,,,,,,,
4/25/2025,137,137,26.48,26.48,0,,,,,,,,,,
4/26/2025,171,171,20.93,20.93,0,,,,,,,,,,
4/27/2025,26,34,25.73,19.67,0.35,,,,,,,,,,
4/28/2025,36,36,24.37,24.37,0.09,,,,,,,,,,
4/29/2025,66,66,14.09,14.09,0,,,,,,,,,,
5/1/2025,93,94,20.04,19.82,0.09,,,,,,,,,,
5/2/2025,136,141,22.93,22.12,0.26,,,,,,,,,,
5/3/2025,108,108,23.26,23.26,0,,,,,,,,,,
5/4/2025,41,45,24.67,22.47,0.17,,,,,,,,,,
5/5/2025,66,66,23.04,23.04,0,,,,,,,,,,
5/6/2025,84,89,19.76,18.65,0.3,,,,,,,,,,
5/7/2025,115,118,28.21,27.49,0.13,,,,,,,,,,
5/8/2025,104,105,19,18.82,0.09,,,,,,,,,,
5/9/2025,116,121,26.03,24.96,0.22,,,,,,,,,,
5/10/2025,128,128,22.5,22.5,0,,,,,,,,,,
5/11/2025,54,55,27.67,27.17,0.04,,,,,,,,,,
5/12/2025,90,90,21.46,21.46,0.04,,,,,,,,,,
5/13/2025,115,125,19.22,17.68,0.22,,,,,,,,,,
5/14/2025,190,195,17.1,16.66,0.13,,,,,,,,,,
5/15/2025,114,114,22.18,22.18,0,,,,,,,,,,
5/16/2025,121,122,24.88,24.68,0.04,,,,,,,,,,
5/17/2025,77,77,27,27,0,,,,,,,,,,
5/18/2025,30,32,22.83,21.41,0.09,,,,,,,,,,
5/19/2025,39,39,23.28,23.28,0,,,,,,,,,,
5/20/2025,37,44,26.81,22.55,0.39,,,,,,,,,,
5/21/2025,52,52,21.04,21.04,0,,,,,,,,,,
5/22/2025,35,41,23.89,20.39,0.3,,,,,,,,,,
5/23/2025,104,105,24.06,23.83,0.09,,,,,,,,,,
5/24/2025,63,66,32.49,31.02,0.17,,,,,,,,,,
5/25/2025,35,37,25.74,24.35,0.09,,,,,,,,,,
5/27/2025,33,33,26.64,26.64,0,,,,,,,,,,
5/28/2025,53,54,26.86,26.36,0.13,,,,,,,,,,
5/29/2025,58,64,27.92,25.3,0.35,,,,,,,,,,
5/30/2025,62,62,34.77,34.77,0,,,,,,,,,,
5/31/2025,47,48,24.91,24.39,0.09,,,,,,,,,,
6/1/2025,40,41,30.46,29.71,0.04,,,,,,,,,,
6/2/2025,40,40,21.18,21.18,0,,,,,,,,,,
6/3/2025,47,48,23.66,23.16,0.04,,,,,,,,,,
6/4/2025,67,69,23.94,23.25,0.09,,,,,,,,,,
6/5/2025,58,60,24.72,23.9,0.09,,,,,,,,,,
6/6/2025,98,98,22.91,22.91,0,,,,,,,,,,
6/7/2025,289,291,22.24,22.09,0.17,,,,,,,,,,
6/8/2025,17,18,19.25,18.18,0.04,,,,,,,,,,
6/9/2025,47,50,24.07,22.63,0.09,,,,,,,,,,
6/10/2025,36,41,37.56,32.98,0.22,,,,,,,,,,
6/11/2025,63,63,23.74,23.74,0,,,,,,,,,,
6/12/2025,53,54,30.65,30.08,0.04,,,,,,,,,,
6/13/2025,89,92,23.06,22.31,0.13,,,,,,,,,,
6/14/2025,86,87,27.42,27.1,0.04,,,,,,,,,,
6/15/2025,29,34,26.42,22.54,0.3,,,,,,,,,,
6/16/2025,42,46,28.17,25.72,0.22,,,,,,,,,,
6/17/2025,42,43,21.45,20.95,0.09,,,,,,,,,,
6/18/2025,51,59,25.04,21.65,0.39,,,,,,,,,,
6/19/2025,80,84,19.36,18.44,0.22,,,,,,,,,,
6/20/2025,112,113,24.58,24.36,0.04,,,,,,,,,,
6/21/2025,92,93,37.82,37.41,0.04,,,,,,,,,,
6/22/2025,30,32,25.8,24.18,0.09,,,,,,,,,,
6/23/2025,52,56,22.47,20.86,0.22,,,,,,,,,,
6/24/2025,50,50,25.94,25.94,0,,,,,,,,,,
6/25/2025,41,41,26.28,26.28,0,,,,,,,,,,
6/26/2025,67,68,22.63,22.3,0.09,,,,,,,,,,
6/27/2025,96,97,26.15,25.88,0.04,,,,,,,,,,
6/28/2025,126,134,22.95,21.58,0.43,,,,,,,,,,
6/29/2025,31,36,26.65,22.94,0.22,,,,,,,,,,
6/30/2025,29,30,31.02,29.98,0,,,,,,,,,,
7/1/2025,38,40,21.66,20.58,0.09,,,,,,,,,,
7/2/2025,64,66,27.32,26.49,0.09,,,,,,,,,,
7/3/2025,64,64,31.05,31.05,0.09,,,,,,,,,,
7/4/2025,48,48,27.94,27.94,0,,,,,,,,,,
7/5/2025,76,76,28.14,28.14,0.09,,,,,,,,,,
7/6/2025,32,32,23.78,23.78,0,,,,,,,,,,
7/7/2025,33,33,33.98,33.98,0,,,,,,,,,,
7/8/2025,52,54,25.65,24.7,0.09,,,,,,,,,,
7/9/2025,52,57,29.17,26.61,0.22,,,,,,,,,,
7/10/2025,120,129,26.34,24.5,0.3,,,,,,,,,,
7/11/2025,267,269,21.06,20.9,0.17,,,,,,,,,,
7/12/2025,209,210,24.76,24.64,0.04,,,,,,,,,,
7/13/2025,46,46,23.37,23.37,0.04,,,,,,,,,,
7/14/2025,41,41,20.41,20.41,0,,,,,,,,,,
7/15/2025,65,66,28.19,27.76,0.09,,,,,,,,,,
7/16/2025,79,79,28.87,28.87,0,,,,,,,,,,
7/17/2025,124,127,19.79,19.32,0.17,,,,,,,,,,
7/18/2025,82,83,28.13,27.79,0.04,,,,,,,,,,
7/19/2025,87,90,26.21,25.34,0.17,,,,,,,,,,
7/20/2025,45,45,29.08,29.08,0.04,,,,,,,,,,
7/21/2025,37,40,19.87,18.38,0.17,,,,,,,,,,
7/22/2025,44,49,31.59,28.37,0.22,,,,,,,,,,
7/23/2025,48,52,29.02,26.78,0.22,,,,,,,,,,
7/24/2025,34,35,28.1,27.29,0.09,,,,,,,,,,
7/25/2025,107,108,22.68,22.47,0.04,,,,,,,,,,
7/26/2025,73,87,22.73,19.07,0.7,,,,,,,,,,
7/27/2025,26,27,22.88,22.04,0.04,,,,,,,,,,
7/28/2025,36,36,19.24,19.24,0.04,,,,,,,,,,
7/29/2025,43,43,22.73,22.73,0,,,,,,,,,,
7/30/2025,60,63,30.19,28.75,0.13,,,,,,,,,,
7/31/2025,73,74,24.19,23.86,0.04,,,,,,,,,,
8/1/2025,78,78,20.19,20.19,0.04,,,,,,,,,,
8/2/2025,51,56,23.64,21.53,0.29,,,,,,,,,,
8/3/2025,23,25,24.58,22.61,0.08,,,,,,,,,,
8/4/2025,14,14,29.46,29.46,0,,,,,,,,,,
8/5/2025,34,37,30.26,27.81,0.13,,,,,,,,,,
8/6/2025,53,56,26.69,25.26,0.13,,,,,,,,,,
8/7/2025,17,19,39.82,35.63,0.08,,,,,,,,,,
8/8/2025,79,86,30.31,27.84,0.33,,,,,,,,,,
8/9/2025,62,62,19.58,19.58,0.04,,,,,,,,,,
8/10/2025,19,20,32.73,31.09,0.04,,,,,,,,,,
8/11/2025,26,26,17.81,17.81,0,,,,,,,,,,
8/12/2025,43,51,27.77,23.41,0.42,,,,,,,,,,
8/13/2025,57,58,24.92,24.49,0.04,,,,,,,,,,
8/14/2025,66,68,26.44,25.66,0.04,,,,,,,,,,
8/15/2025,121,122,24.31,24.11,0.04,,,,,,,,,,
8/16/2025,74,78,27.4,25.99,0.17,,,,,,,,,,
8/17/2025,25,31,26.01,20.98,0.25,,,,,,,,,,
8/18/2025,26,26,27.3,27.3,0,,,,,,,,,,
8/19/2025,42,44,27.48,26.23,0.04,,,,,,,,,,
8/20/2025,67,68,23.66,23.31,0.04,,,,,,,,,,
8/21/2025,57,57,26.58,26.58,0.04,,,,,,,,,,
8/22/2025,74,77,26.9,25.85,0.13,,,,,,,,,,
8/23/2025,80,84,32.49,30.94,0,,,,,,,,,,
8/24/2025,19,24,29.11,23.04,0.13,,,,,,,,,,
8/25/2025,36,39,41.72,38.51,0.13,,,,,,,,,,
8/26/2025,56,59,20.58,19.54,0.08,,,,,,,,,,
8/27/2025,76,76,22.3,22.3,0.13,,,,,,,,,,
8/28/2025,71,79,20.28,18.22,0.33,,,,,,,,,,
8/29/2025,121,128,26.68,25.22,0.38,,,,,,,,,,
8/30/2025,65,65,26.97,26.97,0,,,,,,,,,,
8/31/2025,46,49,27.26,25.59,0.13,,,,,,,,,,
9/2/2025,48,52,26.37,24.34,0.21,,,,,,,,,,
9/3/2025,65,67,26.7,25.9,0.08,,,,,,,,,,
9/4/2025,62,64,19.74,19.12,0.08,,,,,,,,,,
9/5/2025,139,141,25.54,25.18,0.08,,,,,,,,,,
9/6/2025,82,83,23.79,23.51,0.33,,,,,,,,,,
9/7/2025,41,44,19.86,18.51,0.13,,,,,,,,,,
9/8/2025,44,44,32.08,32.08,0,,,,,,,,,,
9/9/2025,50,55,23.12,21.02,0.38,,,,,,,,,,
9/10/2025,52,54,25.53,24.58,0.08,,,,,,,,,,
9/11/2025,65,65,20.63,20.63,0.04,,,,,,,,,,
9/12/2025,129,137,27.54,25.93,0.42,,,,,,,,,,
9/13/2025,80,81,27.22,26.89,0.04,,,,,,,,,,
9/14/2025,25,25,25.29,25.29,0,,,,,,,,,,
9/15/2025,22,22,17.49,17.49,0,,,,,,,,,,
9/16/2025,53,56,22.87,21.64,0.13,,,,,,,,,,
9/17/2025,55,57,26.38,25.46,0.08,,,,,,,,,,
9/18/2025,57,58,24.28,23.86,0.04,,,,,,,,,,
9/19/2025,80,81,26.39,26.07,0,,,,,,,,,,
9/20/2025,141,142,24.15,23.98,0.04,,,,,,,,,,
9/21/2025,50,51,23.01,22.55,0.13,,,,,,,,,,
9/22/2025,26,26,24.46,24.46,0,,,,,,,,,,
9/23/2025,42,51,33.84,27.87,0.58,,,,,,,,,,
9/24/2025,67,69,29.57,28.71,0.08,,,,,,,,,,
9/25/2025,59,59,25.85,25.85,0,,,,,,,,,,
9/26/2025,181,181,31.34,31.34,0,,,,,,,,,,
9/27/2025,140,142,27.68,27.29,0.13,,,,,,,,,,
9/28/2025,25,25,21.88,21.88,0,,,,,,,,,,
9/29/2025,53,53,29.07,29.07,0,,,,,,,,,,
9/30/2025,75,78,35.03,33.68,0.13,,,,,,,,,,
10/1/2025,84,84,23.27,23.27,0,,,,,,,,,,
10/2/2025,59,61,24.81,23.99,0.08,,,,,,,,,,
10/3/2025,124,124,27.22,27.22,0,,,,,,,,,,
10/4/2025,97,97,21.68,21.68,0.04,,,,,,,,,,
10/5/2025,15,15,19.09,19.09,0,,,,,,,,,,
10/6/2025,32,35,30.63,28.01,0.13,,,,,,,,,,
10/7/2025,49,49,24.57,24.57,0.17,,,,,,,,,,
10/8/2025,56,57,28.07,27.58,0.04,,,,,,,,,,
10/9/2025,57,57,28.68,28.68,0,,,,,,,,,,
10/10/2025,158,158,30.97,30.97,0,,,,,,,,,,
10/11/2025,115,119,25.92,25.05,0.21,,,,,,,,,,
10/12/2025,32,33,29.45,28.55,0.04,,,,,,,,,,
10/13/2025,39,39,30,30,0,,,,,,,,,,
10/14/2025,61,62,28.93,28.46,0.04,,,,,,,,,,
10/15/2025,65,65,21.08,21.08,0,,,,,,,,,,
10/16/2025,69,69,23.98,23.98,0,,,,,,,,,,
10/17/2025,134,134,21.17,21.17,0,,,,,,,,,,
10/18/2025,190,194,24.72,24.21,0.33,,,,,,,,,,
10/19/2025,25,25,23.76,23.76,0,,,,,,,,,,
10/20/2025,39,39,29.88,29.88,0,,,,,,,,,,
10/21/2025,52,60,33.05,28.64,0.42,,,,,,,,,,
10/22/2025,80,84,24.99,23.8,0.21,,,,,,,,,,
10/23/2025,80,85,24.12,22.7,0.29,,,,,,,,,,
10/24/2025,181,188,22.22,21.39,0.33,,,,,,,,,,
10/25/2025,142,143,23.57,23.41,0.13,,,,,,,,,,
10/26/2025,43,43,19.8,19.8,0,,,,,,,,,,
10/27/2025,39,39,18.72,18.72,0,,,,,,,,,,
10/28/2025,105,105,20.32,20.32,0,,,,,,,,,,
10/29/2025,63,64,22.26,21.92,0.04,,,,,,,,,,
10/30/2025,63,63,34.86,34.86,0,,,,,,,,,,
10/31/2025,194,196,24.58,24.33,0.08,,,,,,,,,,
11/1/2025,101,104,22.51,21.86,0.13,,,,,,,,,,
11/2/2025,36,41,25.11,22.05,0.21,,,,,,,,,,
11/3/2025,25,25,28.64,28.64,0,,,,,,,,,,
11/4/2025,47,47,29.54,29.54,0.08,,,,,,,,,,
11/5/2025,51,52,29.9,29.33,0.04,,,,,,,,,,
11/6/2025,67,68,29.02,28.6,0.08,,,,,,,,,,
11/7/2025,136,131,24.81,25.75,0.04,,,,,,,,,,
11/8/2025,128,130,27.06,26.64,0.08,,,,,,,,,,
11/9/2025,22,25,21.62,19.02,0.13,,,,,,,,,,
11/10/2025,34,34,19.67,19.67,0,,,,,,,,,,
11/11/2025,41,44,28.23,26.31,0.13,,,,,,,,,,
11/12/2025,62,65,26.62,25.39,0.13,,,,,,,,,,
11/13/2025,67,72,25.01,23.27,0.25,,,,,,,,,,
11/14/2025,99,100,25.19,24.94,0.04,,,,,,,,,,
11/15/2025,62,66,29.52,27.73,0.21,,,,,,,,,,
11/16/2025,16,19,26.71,22.49,0.13,,,,,,,,,,
11/17/2025,42,42,32.31,32.31,0,,,,,,,,,,
11/18/2025,48,48,24.08,24.08,0,,,,,,,,,,
11/19/2025,67,75,30.62,27.35,0.21,,,,,,,,,,
11/20/2025,82,89,25.24,23.26,0.33,,,,,,,,,,
11/21/2025,145,146,24.29,24.12,0.04,,,,,,,,,,
11/22/2025,77,77,27.83,27.83,0.04,,,,,,,,,,
11/23/2025,16,17,20.44,19.24,0.04,,,,,,,,,,
11/24/2025,30,30,30.7,30.7,0,,,,,,,,,,
11/25/2025,51,53,20.71,19.93,0.33,,,,,,,,,,
11/26/2025,87,87,35.31,35.31,0.04,,,,,,,,,,
11/27/2025,1,1,0,0,0,,,,,,,,,,
11/28/2025,53,54,31.6,31.02,0.04,,,,,,,,,,
11/29/2025,62,62,24.04,24.04,0.04,,,,,,,,,,
11/30/2025,17,17,20.94,20.94,0,,,,,,,,,,
12/1/2025,32,32,23.2,23.2,0,,,,,,,,,,
12/2/2025,47,48,21.26,20.82,0.08,,,,,,,,,,
12/3/2025,75,79,23.57,22.38,0.17,,,,,,,,,,
12/4/2025,86,86,22.1,22.1,0.04,,,,,,,,,,
12/5/2025,97,97,26.84,26.84,0.04,,,,,,,,,,
12/6/2025,115,119,24.06,23.25,0.13,,,,,,,,,,
12/7/2025,29,35,31.18,25.84,0.25,,,,,,,,,,
12/8/2025,39,39,26.03,26.03,0,,,,,,,,,,
12/9/2025,62,62,24.19,24.19,0,,,,,,,,,,
12/10/2025,61,63,53.16,51.47,0.08,,,,,,,,,,
12/11/2025,57,60,25.84,24.55,0.29,,,,,,,,,,
12/12/2025,119,119,25.39,25.39,0,,,,,,,,,,
12/13/2025,113,113,24.24,24.24,0,,,,,,,,,,
12/15/2025,43,43,25.02,25.02,0,,,,,,,,,,
12/16/2025,75,78,28.37,27.28,0.25,,,,,,,,,,
12/17/2025,88,88,27.22,27.22,0,,,,,,,,,,
12/18/2025,84,90,25.16,23.49,0.25,,,,,,,,,,
12/19/2025,86,88,29.59,28.92,0.08,,,,,,,,,,
12/20/2025,82,85,32.31,31.17,0.13,,,,,,,,,,
12/21/2025,58,69,32.58,27.38,0.58,,,,,,,,,,
12/22/2025,40,42,26.44,25.18,0.08,,,,,,,,,,
12/23/2025,74,74,32.22,32.22,0,,,,,,,,,,
12/24/2025,45,45,34.42,34.42,0.13,,,,,,,,,,
12/27/2025,72,72,24.72,24.72,0.13,,,,,,,,,,
12/28/2025,45,45,24.8,24.8,0,,,,,,,,,,
12/29/2025,39,39,39.45,39.45,0,,,,,,,,,,
12/30/2025,48,50,25.91,24.87,0.21,,,,,,,,,,
12/31/2025,177,178,28.43,28.27,0.04,,,,,,,,,,
,,,,,,,,,,,,,,,
Categories,,,,,,,,,,,,,,,
,Gross,Comps,Total Tax,Net,Receipt Total,,,,,,,,,,
Bottle Beer,32334,534,0,31800,31800,,,,,,,,,,
Cover Charges,68,0,0,68,68,,,,,,,,,,
Draft Beer,71544.3,1223,0,70321.3,70321.3,,,,,,,,,,
Food Total,80071.5,10364.77,3725.99,65980.74,69706.73,,,,,,,,,,
Beverage,4852.25,169.27,265.24,4417.74,4682.98,,,,,,,,,,
Food (Other),75219.25,10195.5,3460.75,61563,65023.75,,,,,,,,,,
Gift Card,175,175,0,0,1040,,,,,,,,,,
Liquor,421824,9025,0,412799,412799,,,,,,,,,,
ROA/DEPOSITS,0,0,0,0,182,,,,,,,,,,
Retail Nontax,1320,104,0,1216,1216,,,,,,,,,,
Wine Total,24719,765.5,0,23953.5,23953.5,,,,,,,,,,
Wine (Other),24719,765.5,0,23953.5,23953.5,,,,,,,,,,
Total,632055.8,22191.27,3725.99,606138.54,611086.53,,,,,,,,,,
Revenue Centers,,,,,,,,,,,,,,,
Gross Sales,,,,,,,,,,,,,,,
,None,2pm to 3pm,3pm to 4pm,4pm to 5pm,5pm to 6pm,6pm to 7pm,7pm to 8pm,8pm to 9pm,9pm to 10pm,10pm to 11pm,11pm to12am,12am to 1am,1am to 2am,2am to 3am,Total
Bar,237.9,0,38,1852.48,2308.8,2691.58,3105.27,3000.48,3100.78,3030.16,1791.64,770.36,210.49,0,22137.94
Floor,340.26,0,0,355.62,365.78,880,1228.14,1383.03,2143.08,1546.93,491.2,319.14,0,0,9053.18
Tab,14792.68,2155.53,5606.95,58471.32,84096.65,93344.64,89785.79,78043.04,69694.07,56431.1,30701.66,15000.35,2713.9,27,600864.68
Delivery,0,0,0,0,0,0,0,0,0,0,0,0,0,0,0
Togo,0,0,0,0,0,0,0,0,0,0,0,0,0,0,0
DigitalGiftCardIssue,0,0,0,0,0,0,0,0,0,0,0,0,0,0,0
Total,15370.84,2155.53,5644.95,60679.42,86771.23,96916.22,94119.2,82426.55,74937.93,61008.19,32984.5,16089.85,2924.39,27,632055.8
Payments,,,,,,,,,,,,,,,
,Legacy Payments, Lightspeed Payments (Gross Total), Lightspeed Payments Processing Fees, Lightspeed Payments (Net Total),,,,,,,,,,,
,666837.61,0,0,0,,,,,,,,,,,
,Payment,Tip,Total,Tip Charge Withholdings,Number of Payments,,,,,,,,,,
Cash,59327.96,52,59379.96,0,3602,,,,,,,,,,
Amex,56774.02,13725.9,70499.92,0,1494,,,,,,,,,,
Discover,32848.08,6417.89,39265.97,0,1472,,,,,,,,,,
Mastercard,131494.15,28251.85,159746,0,4510,,,,,,,,,,
Visa,327504.06,69821.66,397325.72,0,11877,,,,,,,,,,
V/Mc/D Subtotal,491846.29,104491.4,596337.69,0,17859,,,,,,,,,,
Credit Total,548620.31,118217.3,666837.61,0,19353,,,,,,,,,,
Gift Card,3138.26,286.02,3424.28,0,103,,,,,,,,,,
Tenders Total,3138.26,286.02,3424.28,0,103,,,,,,,,,,
Total,611086.53,118555.32,729641.85,0,23058,,,,,,,,,,
Refunds,,,,,,,,,,,,,,,
,Total,Number of Refunds,,,,,,,,,,,,,
MasterCard,18,1,,,,,,,,,,,,,
Discover,9.44,1,,,,,,,,,,,,,
V/MC/D Subtotal,27.44,2,,,,,,,,,,,,,
Total,27.44,2,,,,,,,,,,,,,
Void,,,,,,,,,,,,,,,
Reason,Amount,,,,,,,,,,,,,,
test,9,,,,,,,,,,,,,,
customer changed mind,216.72,,,,,,,,,,,,,,
86,329.98,,,,,,,,,,,,,,
entry error,3046.88,,,,,,,,,,,,,,
Total,3602.58,,,,,,,,,,,,,,
,,,,,,,,,,,,,,,
Comp,,,,,,,,,,,,,,,
Reason,Amount,,,,,,,,,,,,,,
customer changed mind,15,,,,,,,,,,,,,,
Cocolin Comp,18.5,,,,,,,,,,,,,,
Peters Comp,61,,,,,,,,,,,,,,
Shulman Comp,67.5,,,,,,,,,,,,,,
test,83,,,,,,,,,,,,,,
customer complaint,92.5,,,,,,,,,,,,,,
Marketing,129,,,,,,,,,,,,,,
customer didn't like,144,,,,,,,,,,,,,,
entry error,145,,,,,,,,,,,,,,
vip,342,,,,,,,,,,,,,,
special occasion,486.29,,,,,,,,,,,,,,
Croce Comp,1957.29,,,,,,,,,,,,,,
Alcohol Tasting,1983,,,,,,,,,,,,,,
manager,2370,,,,,,,,,,,,,,
employee meal,2474,,,,,,,,,,,,,,
Food Tasting,4319.5,,,,,,,,,,,,,,
Guest Rec,7503.69,,,,,,,,,,,,,,
Total,22191.27,,,,,,,,,,,,,,
,,,,,,,,,,,,,,,
Comps Summary,,,,,,,,,,,,,,,
,Total,Tax Total,,,,,,,,,,,,,
Check Comps,20633.15,0,,,,,,,,,,,,,
Item Comps,1558.12,0,,,,,,,,,,,,,
Deposits Reconciliation,,,,,,,,,,,,,,,
,Amount,,,,,,,,,,,,,,
Cash Payments Received,59327.96,,,,,,,,,,,,,,
Cash Payins,500,,,,,,,,,,,,,,
Cash Payouts,-1915.03,,,,,,,,,,,,,,
Tip adjustment,-118503.32,,,,,,,,,,,,,,
Cash Deposit,-60590.39,,,,,,,,,,,,,,